channel_name,message_id,date,text,image_path
DoctorsET,864,2023-12-18 17:04:02,"https://youtu.be/5DBoEm-8kmA?si=LDLuEecNfULJVDzL   ­ЪЉѕ­ЪЉѕ

рЅарЅђріЋ ріаріЋрІ┤ рЅЦрЅ╗ рІерѕџрЅБрѕѕрІЇ рІерЅбрІЮріљрѕх ріарѕЏріФрѕф 

рЅа 10,000 рЅЦрѕГ рЅЦрЅ╗ рІерЅ░рїђрѕўрѕе рЅбрІЮріљрѕх ріЦрѕхріе рѕџрѕірІеріќрЅй рІФрІерїѕрІЇ рІерЇЋрѕФрїЇрѕЏ рібріЋрЅерѕхрЅхрѕўріЋрЅх рѕўрѕхрѕФрЅй рѕўрѕГрІх рЅЦрѕхрѕФрЅх 

рЅЦрѕІріГ рѕЏрѕГрігрЅх рІІрїІ рѕЏріљрІЇ рѕџрЅ░рѕЮріљрІЇ ?

рібрЅхрІ«рїхрІФ рІЇрѕхрїЦ рЅбрІЮріљрѕх рѕѕрѕўрїђрѕўрѕГ рїЦрѕЕ рѕ░ріарЅх ріљрІЇ рІѕрІГ ??

3 рЅбрІЮріљрѕх рѕхріЋрїђрѕЮрѕГ рІерѕЮріЋрѕ░рѕФрІЇ рѕхрѕЁрЅ░рЅХрЅй !

ріарѕЂріЉріЉ рІГрѕўрѕЇріерЅ░рЅ▒  ­ЪЉЄ­ЪЉЄ

https://youtu.be/5DBoEm-8kmA?si=LDLuEecNfULJVDzL",No image
DoctorsET,863,2023-11-03 16:14:39,"рІХріГрЅ░рѕГрѕх рібрЅхрІ«рїхрІФ рЅа ріарІ▓рѕх ріарЅђрѕФрѕерЅЦ рЅа рЅ┤рѕїрЅфрІЦріЋ рЇЋрѕ«рїЇрѕФрѕЎріЋ рѕѕрѕўрїђрѕўрѕГ ріерЇІрЅ░ріЏ рІЮрїЇрїЁрЅх рЅарѕЏрІхрѕерїЇ рѕІрІГ рІГрїѕріЏрѕЇ рЇб

рІЕрѕЃріЋрѕх рїЇрѕГрѕЏ рїєріњ ( рЅа рЅ▓ріГрЅХріГ ріе 500,000) рЅарѕІрІГ рЅ░ріерЅ│рІГ рІФрїѕріўрІЇ ріе ріарѕюрѕфріФ рІѕрІ░ рібрЅхрІ«рїхрІФ 
рїѕріЋрІ│ рІЇрѕхрїЦ ріерѕўрЅ░ріЏрЅх ріЦрѕхріе ріерЇІрЅ░ріЏ рЅ░ріерЇІрІГ рЅарібрЅхрІ«рїхрІФ ( 1 take production ) рЅарѕўрЅБрѕЇ рІерѕџрЅ│рІѕрЅђрІЇ рІЕрѕЃріЋрѕх рїЇрѕГрѕЏ ( рїєріњ) 

ріерІ▓рЇЋрѕгрѕйріЋ ріЦрѕхріе рЅ│рІІрЅѓріљрЅхріЋ рІФрЅ░рѕерЇѕрІЇ рїєріњ 

ріарѕЂріЉріЉ рІГрѕўрѕЇріерЅ▒ ­ЪЉЄ

https://youtu.be/gwVN5eJQpko?si=xARsSxIEdZtE91GY",No image
DoctorsET,862,2023-10-02 16:37:39,"рѕърЅх рЅарѕхрі│рѕГ 

рѕѕрѕЇрїєрЅ╗рЅйріЋ рІерѕЮріЊрѕ▓рІўрІЇ рѕЮрѕ│рЅЃ рѕ│ріЊрЅђрІЇ ріЦрІхрѕџрІФрЅИрІЇріЋ рІГрЅђріЋрѕ░рІЇ рІГрѕєріЋ 

рІерЅ│рѕИрїѕ рЅхріГріГрѕѕріЏ рїЂрѕх рібрЅхрІ«рїхрІФ рІЇрѕхрїЦ рІерѕѕрѕЮ...!

рѕЂрѕЅрѕЮ рІѕрѕІрїЁ рѕірІФрІерІЇ рІерѕџрїѕрЅБ

рІерЅ│рѕИрїЅ рїЂрѕХрЅй рѕўрїарїБрЅх ріЦрѕФрѕхріЋ рѕѕріерЇЇрЅ░ріЏ рїЅрІ│рЅх ріЦрѕхріе рѕърЅх рІхрѕерѕх рѕЏрїІрѕѕрїЦ ріљрІЇ !

рѕѕрѕЂрѕЅрѕЮ рібрі«ріќрѕџ рїцріЊріЋрѕЮ рІерѕџрїарЅЦрЅЁ ріарѕўрїІрїѕрЅЦ рІерЅ▒ ріљрІЇ??

https://youtu.be/oHiSRrNF7I0?si=Absgm414YSt_kjNq",No image
DoctorsET,861,2023-09-16 07:54:32,"ріе HIV рІерЅ░рЇѕрІѕрѕ░ рѕ░рІЇ ріарїІрїЦрѕЪрЅйрѕЂ рІФрЅЃрѕЇ ? рЇѕрІЇрѕх ріЦріЊ рѕЁріГрѕЮріЊ ?

рѕЎрѕЅ рЅфрІ▓рІ«рІЇріЋ рЅ░рѕўрѕЇріГрЅ░рІЇ рѕЃрѕ│рЅЦ ріарѕхрЅ░рІФрІерЅХріЋ рІФріФрЇЇрѕЅріЋ ­ЪЉЄ­ЪЉЄ­ЪЉЄ­ЪЉЄ

https://youtu.be/tTeErZxIh_Q?si=jKHyfWcC3sfXbC8L",No image
DoctorsET,860,2023-09-01 16:16:15,"рЅарЅЁрѕГрЅЦ рїірІю рЅарѕЃрїѕрѕФрЅйріЋ рѕІрІГ ріЦрІерЅ░рѕхрЅ░рІІрѕѕ рІФрѕѕ рІерЅ░рѕўрѕ│рѕ│рІГ рЇєрЅ│ ( Homosexuality ) рїЇрЅЦрѕе рѕ░рІХрѕЮ рЅарЅ░рѕѕрІФрІЕ рЅдрЅ│рІјрЅй рѕІрІГ ріЦрІерЅ│рІе рІГрїѕріЏрѕЇ

рІГрѕЁрѕЮ ріарїЦрЅЦрЅђріЋ рѕЮріЋрЅЃрІѕрѕўрІЇ рїЅрІ│рІГ рѕ▓рѕєріЋ 

- рІГрѕЁ рЅйрїЇрѕГ рЅарѕЁрѕЮріЊ рІГрѕѕрІФрѕЇ рІѕрІГ ?
- рЅЁрІхрѕў рѕЮрѕЇріГрЅх ріарѕѕрІЇ рІѕрІГ ?

рІѕрѕІрїєрЅй рѕЇрїєрЅ╗рЅйрѕЂріЋ ріЦріЋрІ┤рЅх рѕўрїарЅарЅЁ рЅхрЅйрѕІрѕѕрЅ╣ рѕЁріГрѕЮріЊрѕх ріарѕѕрІЇ рІѕрІГ ??

рЅарѕЮріЋрѕўрїѕрЅарІЇ рѕЮрїЇрЅЦ рѕірЅђрІГрѕЕрІеріЋ рІГрЅйрѕІрѕЅ рІѕрІГ ? 

ріарѕЂріЉріЉ рїѕрЅЦрЅ░рІЇ рѕЎрѕЅ рЅфрІ▓рІ«рІЇріЋ рІГрѕўрѕЇріерЅ▒ !

https://youtu.be/0k65P5ouw7s?si=qaUgo75bUa3AMQxD",No image
DoctorsET,859,2023-08-29 17:20:05,"­ЪЉЄ­ЪЉЄ­ЪЉЄ­ЪЉЄ­ЪЉЄ­ЪЉЄ https://youtu.be/-AR1KO2DbFw?si=47cXLZtlmhx1Nlqc  
**
рІХріГрЅ░рѕГрѕх рібрЅхрІ«рїйрІФ рЅаріарІ▓рѕх рЇЋрѕ«рїѕрѕФрѕЮ рїђрѕўрѕе**

рѕЏрѕерїЦ  (**рѕюріќрЇќрІЮ ) рїІрѕГ рЅ░рІФрІГрІъ рІерѕџрѕўрїБ рѕ┤рЅХрЅй рѕІрІГ рІерѕџріерѕ░рЅх рІерїцріЊ рЅйрїЇрѕ«рЅй**

**рѕ┤рЅХрЅй рѕІрІГ рІерѕџріерѕ░рЅх рІе рїЇрЅЦрѕерѕхрїІ рїЇріЋріЎріљрЅх рѕхрѕюрЅх рѕўрЅђріљрѕх ?**


**рІерѕ┤рЅХрЅй рІерІѕрѕГ ріарЅарЅБ рїЇрІю ріЦріЊ рѕїрѕјрЅйрѕЮ рїЅрІ│рІ«рЅй рЅ░ріљрѕхрЅ░рІІрѕЇ ріарѕЂріЉріЉ рІГрѕўрѕЇріерЅ▒ !!
**

**ріе рЅ┤рѕїрЅфрІЦріЋ рЇЋрѕ«рїЇрѕФрѕърЅ╗рЅйріЋ рЅарЅ░рїерѕЏрѕф ріарІ▓рѕх рЅарѕЇрІЕ ріарЅђрѕФрѕерЅЦ рІГрЅарѕЇрїЦ рІеріЊріЋрЅ░ріЋ рІерЅ░рѕўрѕЇріФрЅй рїЦрІФрЅё рѕѕрѕўрѕўрѕѕрѕх **

рІГрѕЁріЋ рІерѕўрѕ░рѕѕ рЇЋрѕ«рїЇрѕФрѕЮ рІГрІўріЋ рѕўрЅ░ріЊрѕЇ 


рІерїцріЊ рїЦрІФрЅёрІјріЋ рѕѕрѕўрѕІріГ @doctorsEt 


https://youtu.be/-AR1KO2DbFw?si=47cXLZtlmhx1Nlqc",No image
DoctorsET,848,2022-08-02 17:42:08,"ріГрѕерѕЮрЅ▒ріЋ рѕхрЇќрѕГрЅх рѕўрѕхрѕФрЅх ріарѕхрЅарІЇ рїѓрѕЮ рѕѕрѕўрїЇрЅБрЅх ріФрѕЇрЅ╗рѕЅ рЅБрѕЅрЅарЅх рЅдрЅ│ рѕєріљрІЇ

ріЦріљрІџрѕЁріЋ ріЦріЋрЅЁрѕхрЅЃрѕ┤рІјрЅй рЅарѕЏрІхрѕерїЇ рЅа ріарїГрѕГ рїЇрІю рІЇрѕхрїЦ рѕѕрІЇрїЦ рѕЏрѕЮрїБрЅх рІГрЅйрѕІрѕЅ 

ріЦрЅцрЅхрІј рѕєріљрІЇ рїарІјрЅх рІѕрІГріЋрѕЮ рѕЏрЅ│ рѕІрІГ рЅа 5 рІ░рЅЃрЅЃ рІЇрѕхрїЦ рЅЦрЅ╗ 

- рІерїјріЋ рЅдрѕГрїГ(рѕхрЅЦ) рѕѕрѕЏрїЦрЇІрЅх 
- рЅђріЋрІјріЋ рЅаріЋрЅЃрЅх рѕѕрѕўрїђрѕўрѕГ 

ріЦріљрІџрѕЁріЋ ріЦріЋрЅЁрѕхрЅЃрѕ┤рІјрЅй рІФрІхрѕГрїЅ 
рѕѕрѕЂрѕЅрѕЮ ріЦрІхрѕю ріГрѕЇрѕЇ рІерѕџрѕєріЋ ріЦріЋрЅЁрѕхрЅЃрѕ┤ рѕхрѕѕрѕєріљ ріе рЅцрЅ░рѕ░рЅд рїІрѕГ рѕўрѕхрѕФрЅх рІГрЅйрѕІрѕЅ !!

рѕіріЋріЕріЋ рЅарѕўрїФріЋ рІГрѕўрѕЇріерЅ▒ / рІХріГрЅ░рѕГрѕх рібрЅхрІ«рїхрІФ 
­ЪЉЄ­ЪЉЄ­ЪЉЄ­ЪЉЄ­ЪЉЄ
https://youtu.be/0uiTzjEbh90",No image
DoctorsET,847,2022-06-12 17:15:47,"рѕхрЇќрѕГрЅх рІерѕўрѕхрѕФрЅх рѕ▒рѕх рІГріќрѕГ рІГрѕєріЋ?

рЅаріарѕЂріЉ рІѕрЅЁрЅх рЅЦрІЎ рІерѕхрЇќрѕГрЅх рѕўрѕхрѕфрІФ рЅдрЅ│рІјрЅй рЅ░рїеріЊріЋрЅђрІЇ рІГрЅ│рІФрѕЇ

рѕхрЇќрѕГрЅх рѕўрѕхрѕФрЅх рѕѕрїцріЊ рїарЅЃрѕџ рЅбрѕєріЋрѕЮ ріЦріЋрІ│ріЋрІх рїЇрІю рїЇріЋ ріерІЏ рЅарѕІрІГрѕЮ ріарѕЇрЇј рѕхрЇќрѕГрЅх ріФрѕЇрѕ░рѕФрІЇ рІ▓рЇЋрѕгрѕйріЋ рІЇрѕхрїЦ рїѕрЅБрѕѕрІЇ / рѕ░рІЇріљрЅ┤ рІГрЅарѕІрѕ╗рѕЇ рІерѕџрѕЅ рѕ░рІјрЅйрѕЮ ріарѕЅ!

рѕ▒рѕх рѕЏрѕѕрЅх рѕФрѕхріЋ рѕѕ рѕєріљ ріљрїѕрѕГ рЅ░рїѕрІб рѕЏрІхрѕерїЇ ріљрІЇ! 

   рѕхрѕѕрІџрѕЁ рѕхрЇќрѕГрЅх рѕўрѕхрѕФрЅх ріЦрІЇріљрЅх рѕ▒рѕх рІГрѕєріЋ?

­ЪЉЄ­ЪЉЄ­ЪЉЄ рѕЎрѕЅ рЅфрІ▓рІ«рІЇріЋ рЅа рІ«рЅ▓рІЇрЅЦ рІГрѕўрѕЇріерЅ▒ 

 рѕхрЇќрѕГрЅх рЅцрЅх (рїѓрѕЮ) рѕѕрѕџрІФрЅарІЎ рѕЂрѕЅ рѕ╝рѕГ рІФрІхрѕГрїЅ!
­ЪЉЄ­ЪЉЄ­ЪЉЄ
https://youtu.be/WPlRuRtQXN8",No image
DoctorsET,846,2022-05-31 17:51:13,"рІхріЋрїѕрЅ░ріЏ ріарІ░рїІ / рІеріарїЦріЋрЅх рѕхрЅЦрѕФрЅх

ріарІФрѕГрїѕрІЇріЊ рІхріЋрїѕрЅ░ріЏ рІерѕєріљ ріарІ░рїІ рЅбрІ░рѕГрѕхрЅд рѕЮріЋ рѕЏрІхрѕерїЇ ріЦріЋрІ│рѕѕрЅд рІФрЅЃрѕЅ?

рЅарѕЃрїѕрѕФрЅйріЋ рІерѕўріфріЊ ріарІ░рїІ рЅа ріерЇЇрЅ░ріЏ рІ░рѕерїЃ ріарІерїерѕўрѕе ріЦріЊ рІерЅЦрІЎ рѕ░рІјрЅйріЋ рѕѓрІѕрЅх ріЦрІерЅђрїарЇѕрѕЮ рІГрїѕріЏрѕЇ рЇб

рЅарѕЃрїѕрѕФрЅйріЋ рІФрѕѕрІЇрѕЮ рІѕрЅЁрЅ│рІі рѕЂріћрЅ│рѕЮ рїдрѕГріљрЅХрЅй рЅЦрІЎ рѕ░рІјрЅйріЋ рѕѕ рІхріЋрїѕрЅ░ріЏ рІерѕєріљ ріарІ░рїІрІјрЅй : рѕхрЅЦрѕФрЅХрЅй рІФрїІрѕЇрїБрѕЇрЇб

рІХ/рѕГ рЅЃрѕЇрЅѓрІ│ріЋ (ріарїЦріЋрЅх рѕхрЇћрѕ╗рѕірѕхрЅх рѕЃріфрѕЮ) рѕхрѕѕ рІхріЋрїѕрЅ░ріЏ ріарІ░рїІ ріЦріЊ рѕхрЅЦрѕФрЅХрЅй ріарЅЦрѕФрѕГрЅХрѕЇріЊрѕЇ

ріЦрѕГрѕХрѕЮ рІГрѕЁ рЅйрїЇрѕГ рЅбрІ░рѕГрѕхрЅд рѕЏрІхрѕерїЇ рІФрѕѕрЅдрЅхріЋ ріљрїѕрѕГ рЅђрІхрѕўрІЇ рІГрІѕрЅЂ 

**рІХріГрЅ░рѕГрѕх рібрЅхрІ«рїхрІФ рЅа ріарІ│рІ▓рѕх рЇЋрѕ«рїЇрѕФрѕърЅйріЊ рІеріЊріЋрЅ░ріЋ рїЦрІФрЅёрІјрЅй рЅарѕХрѕ╗рѕЇ рѕџрІ▓рІФ рѕўрѕЇрѕх рІерѕџрІФрїѕріЎрЅарЅхріЋ рѕўріЋрїѕрІх ріЦрІФрѕхрЅ░ріФріерѕЇріЋ рѕ▓рѕєріЋ ріе рЅхріЋрѕй рІе ріЦрѕерЇЇрЅх рїЇрІюрІФрЅх рЅаріІрѕІ рЅа рЅ┤рѕїрЅфрІЦріЋ рЇЋрѕ«рїЇрѕЏрЅйріЋ рЅа рЇІріЊ рЅ┤рѕїрЅфрІЦріЋ рІФрїѕріЎріЊрѕЇ**

ріерЅ│рЅй рІФрѕѕрІЇріЋ рЅарѕўрїФріЋ рІГрѕўрѕЇріерЅ▒!
­ЪЉЄ­ЪЉЄ­ЪЉЄ­ЪЉЄ­ЪЉЄ­ЪЉЄ­ЪЉЄ
https://youtu.be/QI-8oqW80uI",No image
DoctorsET,845,2022-05-20 18:04:53,"ріерЅхріЋрѕй рїЇрІџрІФрЅх рЅарЇірЅх рѕхрЇќрѕГрЅх рѕўрѕхрѕФрЅх ріЦріЋрІ░ рЅЁріЋрїдрЅх рІГрЅ│рІГ ріљрЅарѕГ ріарѕЂріЋ рѕІрІГ рїЇріЋ рЅа рѕхрЇќрѕГрЅх рѕўрѕхрѕФрІФ рЅдрЅ│рІјрЅй рѕІрІГ рЅЦрІЎрІјрЅй рѕ▓рѕ░рѕЕ рІГрЅ│рІФрѕЇ

рІГрѕЁріЋріЋрѕЮ рЅ░ріерЅхрѕј рѕхрЇќрѕГрЅх рѕЏрІѕрЅЁ рІФрѕѕрЅЦріЋ рЅарїБрѕЮ ріарѕхрЇѕрѕІрїі ріљрїѕрѕГ ріарѕѕ!

рЅЦрІЎ рѕ░рІЇ ріаріЋрІх ріарѕўрЅх рІФрѕЁрѕЇ рѕ░рѕГрЅ╗рѕѕрІЇ рѕѕрІЇрїЦ рѕЮріЋрѕЮ рІерѕѕріЮрѕЮ ! рѕхрЇќрѕГрЅх рїЦрЅЁрѕЮ рІерѕѕрІЇрѕЮ рІГрѕІрѕЇ

ріЦріЏ рѕЮріЋ рѕўрѕхрѕФрЅх ріЦріЋрІ│рѕѕрЅдрЅх рѕџрѕхрїЦрѕЕріЋ ріЦріЋріЋрїѕрѕ«рЅх!
  ріерІџ рЅаріІрѕІ рїірІюрІјріЋ рѕ│рІФрЅБріГріЉ рЅаріарїГрѕГ рїЇрІю рІЇрѕхрїЦ 
рѕѕрІЇрїдріЋ рІФрІФрѕЅрЇб

рЅарІџрѕЁ рІ«рЅ▓рІЇрЅЦ рЅфрІ▓рІ« рѕІрІГ 

рѕЮріЋ рѕўрѕхрѕФрЅх ріЦріЋрІ│рѕѕрЅдрЅх рѕѕ рїђрѕЏрѕф ріЦріЋрІ▓рѕЂрѕЮ рЅарѕўрѕхрѕФрЅх рѕІрІГ рѕІрѕІрЅ╣ 

ріарїГрѕГ рЅфрІ▓рІ« рІГрѕўрѕЇріерЅ▒
­ЪЉЄ­ЪЉЄ­ЪЉЄ­ЪЉЄ­ЪЉЄ­ЪЉЄ
https://youtu.be/_IEWt07bECg",No image
CheMed123,97,2023-02-10 12:23:06,"Рџа№ИЈ**Notice!
**Dear esteemed customers,
Due to four-day motorbike movement restrictions, we have limited our services to matchmaking,drug information, and medical consultation only.

**N.B. 
**­ЪћЁWe will make deliveries for those for whom the medications are urgent.
­ЪћЁYou can book deliveries starting from Monday, February 13, 2023",../docs/images/photo_2024-10-11_20-36-21.jpg
CheMed123,96,2023-02-02 08:58:52,"Mela-One рЅарІЇрѕхрїА рѕєрѕГрѕъріЋ рІФрѕѕрІЇ рІхріЋрїѕрЅ░ріЏ рІѕрѕірІх рѕўрЅєрїБрїарѕГрІФ рѕ▓рѕєріЋ рІФрѕѕрѕўріерѕІріерІФ рІерЅ░рІ░рѕерїѕ рІерїЇрЅЦрѕерѕхрїІ рїЇріЋріЎріљрЅх рѕ▓ріќрѕГ рЅа72 рѕ░рІЊрЅ│рЅх рІѕрѕхрїЦ рѕўрІѕрѕ░рІх рІГріќрѕГрЅарЅ│рѕЇрЇб

­ЪЊїріеChe-Med рѕѕрѕЏрІўрІЮрЇА 
рЅарЅ┤рѕїрїЇрѕФрѕЮ рїЇрѕЕрЇЊрЅйріЋ- t.me/CheMeds
рІїрЅЦрѕ│рІГрЅх- www.chemeds.org
рІГрІўрІЎріЋрЇб",../docs/images/photo_2024-10-11_20-36-21 (1).jpg
CheMed123,95,2023-02-01 08:59:37,"**ріарІџрЅхрѕ«рѕЏрІГрѕ▓ріЋ** рЅарѕЃріфрѕЮ рѕўрІхрѕЃріњрЅх рѕЏрІўрІБ ріерѕџрЅ│рІўрІЎ ріаріЋрЅ▓рЅБрІ«рЅ▓рі«рЅй ріаріЋрІ▒ рѕ▓рѕєріЋ рЅарѕГріерЅх рІФрѕЅ рЅБріГрЅ┤рѕГрІФрІјрЅйріЋ рІГрїѕрѕІрѕЇрЇб

рЅарЅђріЋ ріаріЋрІ┤ рѕѕ3 рЅђріЊрЅх рѕЮрїЇрЅЦ ріерѕўрЅЦрѕІрЅ│рЅйріЋ 1 рѕ░рІЊрЅх рЅђрІ░рѕЮ рЅЦрѕј рІѕрІГріЋрѕЮ ріерЅарѕІріЋ ріе 2 рѕ░рІЊрЅх рЅаріІрѕІ рѕўрІѕрѕ░рІх рІГріќрѕГрЅарЅ│рѕЇрЇб

­ЪЊїрІерѕЃріфрѕЮ рѕЏрІўрІБ ріФрѕЇрІјрЅх 
рЅарЅ┤рѕїрїЇрѕФрѕЮ рїЇрѕЕрЇЊрЅйріЋ-t.me/CheMeds
рІїрЅЦрѕ│рІГрЅх- www.chemeds.org
рІГрѕІріЕрѕЇріЋрЇб",../docs/images/photo_2024-10-11_20-36-22.jpg
CheMed123,94,2023-01-31 09:19:53,"**Che-Med Trivia #3

**рѕЮрїЇрЅЦріЊ рѕўрїарїдрЅй ріаріЋрІ│ріЋрІх рѕўрІхрѕЃріњрЅХрЅй рЅарІ░ріЋрЅЦ ріЦріЋрІ│рІГрѕ░рѕЕ рѕірІФрІ░рѕГрїЅ рІГрЅйрѕІрѕЅрЇб рЅарІџрѕЁ рѕЂріћрЅ│ ріЦріљрІџрѕЁріЋ рѕўрІхрѕЃріњрЅХрЅй рѕЮрїЇрЅЦ ріерІѕрѕ░рІхріЋ ріе1 рѕ░рІЊрЅх ріЦрѕхріе 2 рѕ░рІЊрЅх рЅБрѕѕ рїірІю рІЇрѕхрїЦ рѕўрІЇрѕ░рІх рІФрѕхрЇѕрѕЇрїЇрІјрЅ│рѕЇрЇб

ріеріљрІџрѕЁрѕЮ рІѕрѕхрїЦ **рІеріЦріЋрЅЁрѕГрЅх рѕўрІхрѕЃріњрЅХрЅйрЇБOmeprazoleрЇБSildenafil(Viagra)рЇБCaptopril ріЦріЊ Ampicillin** рІГрїарЅђрѕ│рѕЅрЇб

рѕўрІхрѕЃріњрЅхрІј ріерѕЮрїЇрЅЦ рїІрѕГ рІФрѕѕрІЇріЋ ріарІѕрѕ│рѕ░рІх ріЦрѕГрїЇрїаріЏ ріФрѕЇрѕєріЉ рѕЃріфрѕЮрІјріЋ рІѕрІГрѕЮ рЇІрѕГрѕЏрѕ▓рѕхрЅхрІјріЋ рІФрѕЏріГрѕЕрЇб",../docs/images/photo_2024-10-11_20-36-22 (1).jpg
CheMed123,93,2023-01-30 09:45:25,"**Che-Med Trivia #2

**ріЦріЋрІ░ Ciprofloxacin, Doxycycline, Levothyroxine, Iron supplement рІФрѕЅ рѕўрІхрѕЃріњрЅХрЅйріЋ ріерІѕрЅ░рЅх ріЦріЊ ріерІѕрЅ░рЅх рЅ░рІІрЇЁрІќрІјрЅй рїІрѕГ ріЦріЋрІ▓рѕЂрѕЮ ріеріЦріЋрЅЂрѕІрѕЇ рїІрѕГ рѕўрІЇрѕ░рІх рѕўрІхрѕЃріњрЅХрЅ╣ рЅарѕ░рІЇріљрЅ│рЅйріЋ рІерѕџрЇѕрѕѕрїѕрІЇріЋ рѕхрѕФ ріЦріЋрІ│рІГрѕ░рѕЕ рІФрІ░рѕГрїІрЅИрІІрѕЇрЇб

рІГрѕЁрѕЮ рЅарІѕрЅ░рЅх рЅ░рІІрїйрідрІјрЅй рІЇрѕхрїЦ рІФрѕѕрІЇ ріФрѕЇрѕ▓рІерѕЮ ріЦріљрІџрѕЁ рѕўрІхрѕЃріњрЅХрЅй рЅарѕ░рІЇрЅ│рЅйріЋ рІѕрѕхрїЦ ріЦріЋрІ│рІГрІІрѕЁрІ▒ рїБрѕЇрЅЃ рѕхрѕѕрѕџрїѕрЅБ ріљрІЇрЇб",../docs/images/photo_2024-10-11_20-36-22 (2).jpg
CheMed123,92,2023-01-27 07:18:40,"**You can get our services at:
**Our pharmacist:** ****https://t.me/CheMedAssistant9798****
**Our call center: **9798
**Our website: **www.chemeds.org**",../docs/images/photo_2024-10-11_20-36-23.jpg
CheMed123,91,2023-01-26 18:27:53,"**Che-Med Trivia #1
**The U.S. pharmaceutical industry is the largest in the world, making up about 40% of the worldwide drug development, manufacturing, and revenue generation. And half of the worldРђЎs top 10 pharmaceutical companies are in America, including the headquarters for Johnson & Johnson, Pfizer, Merck and Co., AbbVie, Eli Lilly and Co., and Abbott Laboratories. In fact, Johnson & JohnsonРђЎs revenue alone reached $82.6 billion in 2020.",../docs/images/photo_2024-10-11_20-36-23 (1).jpg
CheMed123,90,2023-01-23 10:39:20,"**CVS Daytime & Nighttime Cold and Flu Relief

**рѕѕрѕ░рѕъріЉ рїЅріЋрЇІріЋ рѕЏрѕхрЅ│рїѕрѕ╗ рЅаріаріЋрІ░ріЮріљрЅх рЅ░рѕўрѕФрїГ рІерѕєріљрІЇріЋ **CVS Daytime & Nighttime Cold and Flu Relief** Che-Med рІГрІърѕІрЅйрѕЂ рѕўрїДрѕЇрЇб

рЅарЅЂрїЦрѕГ рІЇрѕхріЋ рѕхрѕѕрѕєріЉ рЅђрІхрѕўрІЇ рІГрІўрІЎріЋрЇб

рѕѕрѕЏрІўрІЮрЇд
Our pharmacist:** ****https://t.me/CheMedAssistant9798****
**Our call center: **9798
**Our website: www.chemeds.org

Che-Med is the best way to find your meds!",../docs/images/photo_2024-10-11_20-36-24.jpg
CheMed123,89,2023-01-17 19:10:57,"­ЪЪарѕѕріЊріЋрЅ░ рѕѕрІ░рѕЮрЅаріърЅ╗рЅйріЋ рІГрѕєріЊрѕЅ рІФрѕЇріЊрЅИрІЅріЋ рѕЮрѕГрїЦ рЅФрІГрЅ│рѕџріЋріЊ рѕ░рЇЋрѕЇрѕўріЋрЅХрЅй ріЦріљрѕє!!

ріарїГрѕГ рІеTiktok рЅфрІ▓рІ«ріарЅйріЋріЋ рЅарѕўрѕўрѕЇріерЅх рїЇріЋрІЏрЅцрІјріЋ рІГрїерѕЮрѕЕрЇб
­ЪЉЄ­ЪЉЄ­ЪЉЄ­ЪЉЄ­ЪЉЄ­ЪЉЄ­ЪЉЄ­ЪЉЄ­ЪЉЄ­ЪЉЄ­ЪЉЄ­ЪЉЄ­ЪЉЄ
https://vm.tiktok.com/ZMYJHUVde/

рІеTiktok рЅ╗ріЊрѕІрЅйріЋріЋ Like ріЦріЊ Follow рІФрІхрѕГрїЅрЇб",No image
CheMed123,88,2023-01-17 08:43:12,"­Ъїъ**Sundown Cinnamon!
Supports sugar metabolism**.

Che-Med **Sundown Cinnamon** **Supplement Product** рІГрІърѕІрЅйрѕЂ рѕўрїДрѕЇрЇб

рЅарЅЂрїЦрѕГ рІЇрѕхріЋ рѕхрѕѕрѕєріЉ рЅђрІхрѕўрІЇ рІГрІўрІЎріЋрЇб

рѕѕрѕЏрІўрІЮрЇд
Our pharmacist:** ****https://t.me/CheMedAssistant9798****
**Our call center: **9798

**Che-Med is the best way to find your meds!",../docs/images/photo_2024-10-11_20-36-24 (1).jpg
lobelia4cosmetics,12426,2024-10-11 16:31:05,"PRENATAL 150 SOFTGELS 
Price 5500 birr 
Telegram https://t.me/lobelia4cosmetics
Msg­ЪЉЅ Lobelia pharmacy and cosmetics 
Рўј№ИЈ call 0911562031/0911587703
Adress:- Infront of Bole Medhanialem high school 
Open Monday - Monday from 8am until midnight ріерѕ░ріъ - ріЦрѕхріе рѕ░ріъ┬а ріерїДрЅ▒ 2:00 рѕхрІЊрЅх - ріЦрѕхріе рѕЮрѕйрЅ▒ 6:00 рѕ░рІЊрЅх
­ЪЈЇ­ЪЈЇ­ЪЈЇ рІерЅхрѕФріЋрѕхрЇќрѕГрЅх ріарѕЏрѕФрїГ ріе70 - 200 рЅЦрѕГ
For delivery option fees are from 70 birr - 200 birr",../docs/images/photo_2024-10-11_20-36-26.jpg
lobelia4cosmetics,12425,2024-10-11 16:31:05,"NIDO 1.8KG 
Price 4500 birr 
Telegram https://t.me/lobelia4cosmetics
Msg­ЪЉЅ Lobelia pharmacy and cosmetics 
Рўј№ИЈ call 0911562031/0911587703
Adress:- Infront of Bole Medhanialem high school 
Open Monday - Monday from 8am until midnight ріерѕ░ріъ - ріЦрѕхріе рѕ░ріъ┬а ріерїДрЅ▒ 2:00 рѕхрІЊрЅх - ріЦрѕхріе рѕЮрѕйрЅ▒ 6:00 рѕ░рІЊрЅх
­ЪЈЇ­ЪЈЇ­ЪЈЇ рІерЅхрѕФріЋрѕхрЇќрѕГрЅх ріарѕЏрѕФрїГ ріе70 - 200 рЅЦрѕГ
For delivery option fees are from 70 birr - 200 birr",../docs/images/photo_2024-10-11_20-36-26 (1).jpg
lobelia4cosmetics,12424,2024-10-11 16:31:04,"SUDO CREAM 
Price 4000 birr 
Telegram https://t.me/lobelia4cosmetics
Msg­ЪЉЅ Lobelia pharmacy and cosmetics 
Рўј№ИЈ call 0911562031/0911587703
Adress:- Infront of Bole Medhanialem high school 
Open Monday - Monday from 8am until midnight ріерѕ░ріъ - ріЦрѕхріе рѕ░ріъ┬а ріерїДрЅ▒ 2:00 рѕхрІЊрЅх - ріЦрѕхріе рѕЮрѕйрЅ▒ 6:00 рѕ░рІЊрЅх
­ЪЈЇ­ЪЈЇ­ЪЈЇ рІерЅхрѕФріЋрѕхрЇќрѕГрЅх ріарѕЏрѕФрїГ ріе70 - 200 рЅЦрѕГ
For delivery option fees are from 70 birr - 200 birr",../docs/images/photo_2024-10-11_20-36-27.jpg
lobelia4cosmetics,12423,2024-10-11 10:11:57,"SPRING VALLEY VITAMIN D3 1000IU 450 SOFTGELS 
Price 5500 birr 
Telegram https://t.me/lobelia4cosmetics
Msg­ЪЉЅ Lobelia pharmacy and cosmetics 
Рўј№ИЈ call 0911562031/0911587703
Adress:- Infront of Bole Medhanialem high school 
Open Monday - Monday from 8am until midnight ріерѕ░ріъ - ріЦрѕхріе рѕ░ріъ┬а ріерїДрЅ▒ 2:00 рѕхрІЊрЅх - ріЦрѕхріе рѕЮрѕйрЅ▒ 6:00 рѕ░рІЊрЅх
­ЪЈЇ­ЪЈЇ­ЪЈЇ рІерЅхрѕФріЋрѕхрЇќрѕГрЅх ріарѕЏрѕФрїГ ріе70 - 200 рЅЦрѕГ
For delivery option fees are from 70 birr - 200 birr",../docs/images/photo_2024-10-11_20-36-27 (1).jpg
lobelia4cosmetics,12422,2024-10-11 10:11:57,"PRENATAL 150 softgels 
Price 5000 birr 
Telegram https://t.me/lobelia4cosmetics
Msg­ЪЉЅ Lobelia pharmacy and cosmetics 
Рўј№ИЈ call 0911562031/0911587703
Adress:- Infront of Bole Medhanialem high school 
Open Monday - Monday from 8am until midnight ріерѕ░ріъ - ріЦрѕхріе рѕ░ріъ┬а ріерїДрЅ▒ 2:00 рѕхрІЊрЅх - ріЦрѕхріе рѕЮрѕйрЅ▒ 6:00 рѕ░рІЊрЅх
­ЪЈЇ­ЪЈЇ­ЪЈЇ рІерЅхрѕФріЋрѕхрЇќрѕГрЅх ріарѕЏрѕФрїГ ріе70 - 200 рЅЦрѕГ
For delivery option fees are from 70 birr - 200 birr",../docs/images/photo_2024-10-11_20-36-27 (2).jpg
lobelia4cosmetics,12421,2024-10-11 10:11:57,"FISH OIL 150 softgels 
Price 4000 birr 
Telegram https://t.me/lobelia4cosmetics
Msg­ЪЉЅ Lobelia pharmacy and cosmetics 
Рўј№ИЈ call 0911562031/0911587703
Adress:- Infront of Bole Medhanialem high school 
Open Monday - Monday from 8am until midnight ріерѕ░ріъ - ріЦрѕхріе рѕ░ріъ┬а ріерїДрЅ▒ 2:00 рѕхрІЊрЅх - ріЦрѕхріе рѕЮрѕйрЅ▒ 6:00 рѕ░рІЊрЅх
­ЪЈЇ­ЪЈЇ­ЪЈЇ рІерЅхрѕФріЋрѕхрЇќрѕГрЅх ріарѕЏрѕФрїГ ріе70 - 200 рЅЦрѕГ
For delivery option fees are from 70 birr - 200 birr",../docs/images/photo_2024-10-11_20-36-27 (3).jpg
lobelia4cosmetics,12420,2024-10-11 10:11:57,"FOLIC ACID 
Price 5000 birr 
Telegram https://t.me/lobelia4cosmetics
Msg­ЪЉЅ Lobelia pharmacy and cosmetics 
Рўј№ИЈ call 0911562031/0911587703
Adress:- Infront of Bole Medhanialem high school 
Open Monday - Monday from 8am until midnight ріерѕ░ріъ - ріЦрѕхріе рѕ░ріъ┬а ріерїДрЅ▒ 2:00 рѕхрІЊрЅх - ріЦрѕхріе рѕЮрѕйрЅ▒ 6:00 рѕ░рІЊрЅх
­ЪЈЇ­ЪЈЇ­ЪЈЇ рІерЅхрѕФріЋрѕхрЇќрѕГрЅх ріарѕЏрѕФрїГ ріе70 - 200 рЅЦрѕГ
For delivery option fees are from 70 birr - 200 birr",../docs/images/photo_2024-10-11_20-36-28.jpg
lobelia4cosmetics,12419,2024-10-11 10:11:56,"TYLENOL COLD AND FLU
Price 1600 birr 
Telegram https://t.me/lobelia4cosmetics
Msg­ЪЉЅ Lobelia pharmacy and cosmetics 
Рўј№ИЈ call 0911562031/0911587703
Adress:- Infront of Bole Medhanialem high school 
Open Monday - Monday from 8am until midnight ріерѕ░ріъ - ріЦрѕхріе рѕ░ріъ┬а ріерїДрЅ▒ 2:00 рѕхрІЊрЅх - ріЦрѕхріе рѕЮрѕйрЅ▒ 6:00 рѕ░рІЊрЅх
­ЪЈЇ­ЪЈЇ­ЪЈЇ рІерЅхрѕФріЋрѕхрЇќрѕГрЅх ріарѕЏрѕФрїГ ріе70 - 200 рЅЦрѕГ
For delivery option fees are from 70 birr - 200 birr",../docs/images/photo_2024-10-11_20-36-28 (1).jpg
lobelia4cosmetics,12418,2024-10-11 10:11:56,"Day and Night QUIL /SUPER C
Price 2500 birr 
Telegram https://t.me/lobelia4cosmetics
Msg­ЪЉЅ Lobelia pharmacy and cosmetics 
Рўј№ИЈ call 0911562031/0911587703
Adress:- Infront of Bole Medhanialem high school 
Open Monday - Monday from 8am until midnight ріерѕ░ріъ - ріЦрѕхріе рѕ░ріъ┬а ріерїДрЅ▒ 2:00 рѕхрІЊрЅх - ріЦрѕхріе рѕЮрѕйрЅ▒ 6:00 рѕ░рІЊрЅх
­ЪЈЇ­ЪЈЇ­ЪЈЇ рІерЅхрѕФріЋрѕхрЇќрѕГрЅх ріарѕЏрѕФрїГ ріе70 - 200 рЅЦрѕГ
For delivery option fees are from 70 birr - 200 birr",../docs/images/photo_2024-10-11_20-36-28 (2).jpg
lobelia4cosmetics,12417,2024-10-11 10:11:56,"Day and Night QUIL 
Price 2500 birr 
Telegram https://t.me/lobelia4cosmetics
Msg­ЪЉЅ Lobelia pharmacy and cosmetics 
Рўј№ИЈ call 0911562031/0911587703
Adress:- Infront of Bole Medhanialem high school 
Open Monday - Monday from 8am until midnight ріерѕ░ріъ - ріЦрѕхріе рѕ░ріъ┬а ріерїДрЅ▒ 2:00 рѕхрІЊрЅх - ріЦрѕхріе рѕЮрѕйрЅ▒ 6:00 рѕ░рІЊрЅх
­ЪЈЇ­ЪЈЇ­ЪЈЇ рІерЅхрѕФріЋрѕхрЇќрѕГрЅх ріарѕЏрѕФрїГ ріе70 - 200 рЅЦрѕГ
For delivery option fees are from 70 birr - 200 birr",../docs/images/photo_2024-10-11_20-36-29.jpg
yetenaweg,1175,2024-10-04 13:14:16,"­Ъц▒**рЅарІхрѕЁрѕе рІѕрѕірІх рїірІю рѕЮріЋ рѕЏрІѕрЅЁ ріарѕѕрЅЦрІјрЅх??**

­ЪїИрЅђрІ░рѕЮрЅх рІерІхрѕЁрѕе рІѕрѕірІх рїірІю рЅарѕ┤рЅХрЅй рѕЁрІГрІѕрЅх рІЇрѕхрїЦ ріерІѕрѕірІх рЅаріІрѕІ рЅаріаріФрѕЇрЇБ рЅарѕхрѕюрЅ│рІі ріЦріЊ рЅарѕхріљ рѕЇрЅдріЊ рѕѕрІЇрїдрЅй рІерѕџрЅ│рІѕрЅЁ рІѕрѕ│ріЮ рѕЮрІЋрѕФрЇЇ ріљрІЇрЇб

­ЪњЂРђЇРЎђ**рЅ░ріерЅ│рІГ ріаріФрѕІрІі рѕѕрІЇрїдрЅйріЋ рЅарїЦрЅѓрЅ▒:-
┬а┬а┬а**­ЪњФ рІерѕЏрѕЋрЇђріЋ рѕўрі«рѕЏрЅ░рѕГ┬а
┬а┬а ­ЪњФ┬а рІ░рѕЮ рѕўрЇЇрѕ░рѕх ріЦріЊ рѕјрЅ║рІФ┬а┬а**
┬а┬а┬а ­ЪњФ**рІерІхрѕЁрѕе рІѕрѕірІх рѕЁрѕўрѕЮ ріЦріЊ рѕЮрЅЙрЅх рѕЏрїБрЅх

­ЪДЉРђЇ­Ъћг**рІерѕЋріГрѕЮріЊ ріЦрѕГрІ│рЅ│ рѕўрЅ╝ рІФрѕхрЇѕрѕЇрїІрѕЇ?**

­ЪїИ**рІеріаріЦрѕЮрѕ« рїцріЊрІјріЋ ріЦріЋрІ┤рЅх рІГріЋріерЅБріерЅА?

­ЪїИріарІ▓рѕх рІерЅ░рІѕрѕѕрІ░ рѕЇрїЁріЋ рѕѕрѕўріЋріерЅБріерЅЦ┬а рїцріЊрѕЏ рѕўрѕўрѕГрІФрІјрЅй рѕЮріЋрІхріЊрЅИрІЇ?**

­ЪЎјРђЇРЎђ**рІерІхрѕЁрѕе рІѕрѕірІх ріЦріЋріГрЅЦріФрЅц ріЦріЊ рѕЮрѕГрѕўрѕФ рѕЮріЋ рІГрѕўрѕхрѕІрѕЇ?**

­ЪњФ**ріЦріљрІџрѕЁріЋ ріЦріЊ рѕїрѕјрЅй рїЦрІФрЅёрІјрЅйріЋ рѕўрѕЇрѕх рѕѕрѕЏрїЇріўрЅх ­ЪЉЅ­ЪЈЙ**[ріЦрІџрѕЁ рІГрїФріЉрЇб](https://yetenaweg.com/%e1%89%80%e1%8b%b0%e1%88%9d-%e1%89%a3%e1%88%88%e1%8b%8d-%e1%8b%b5%e1%88%85%e1%88%a8-%e1%8b%88%e1%88%8a%e1%8b%b5-%e1%8c%8a%e1%8b%9c-%e1%88%9d%e1%8a%95-%e1%88%9b%e1%8b%88%e1%89%85-%e1%8a%a0%e1%88%88/)
[
­ЪњФ](https://t.me/yetenaweg)**рІерЅ┤рѕїрїЇрѕФрѕЮ рЅ╗ріЊрѕІрЅйріЋріЋ рѕѕрѕўрЅђрѕІрЅђрѕЇ ­ЪЉЅ­ЪЈЙ **[ріЦрІџрѕЁ рІГрїФріЉрЇб](https://t.me/yetenaweg)",No image
yetenaweg,1171,2024-10-03 05:09:38,"­ЪњАрЅарІџрѕЁ ріЦрѕЂрІх рЅарЅ┤рѕїрїЇрѕФрѕЮ рЅђрїЦрЅ│ рѕхрѕГрїГрЅх **рІеріЦріЋрЅЁрѕЇрЇЇ рЅйрїЇрѕ«рЅй** рІерѕџрІ│рѕхрѕх рІЇрІГрІГрЅх рІГрІўріЋ рЅђрѕГрЅаріЊрѕЇрЇб

­ЪЏїрІеріЦріЋрЅЁрѕЇрЇЇ рЅйрїЇрѕ«рЅй рЅарЅ░рѕѕрІФрІЕ рѕЮріГріЋрІФрЅХрЅй рѕірѕўрїА рІГрЅйрѕІрѕЅ ріеріЦріљрІџрѕЁрѕЮ рѕўріФріерѕЇ: 
­ЪЉЅ рѕЦрѕГ рІерѕ░рІ░рІ░ рѕЋрѕўрѕЮ
­ЪЉЅ рІеріаріЦрѕЮрѕ« рїцріЊ рїЅрІ│рІ«рЅй 
­ЪЉЅ рѕўрІ░рЅаріЏ рІФрѕЇрѕєріљ рІеріЦріЋрЅЁрѕЇрЇЇ рѕўрѕГрѕЃ рїЇрЅЦрѕГ
­ЪЉЅ ріаріФрЅБрЅбрІФрІі рѕЮріГріЋрІФрЅХрЅй 
­ЪЉЅ ріеріЦрІхрѕю рїІрѕГ рІерЅ░рїѕріЊріЎ рѕѕрІЇрїдрЅй 
­ЪЉЅ рѕўрІхрѕЃріњрЅХрЅй ріЦріЋрІ▓рѕЂрѕЮ рѕїрѕјрЅйріЋ рІФріФрЅхрЅ│рѕЇ

­ЪЌБріЦріЋрїЇрІ│рЅйріЋ:
­ЪЉЅ **рІФрЇїрЅх ріерЇѕрѕѕріЮ (рЅаріарЅЦрѕГрѕєрЅх рІерѕхріљрІЊрІЋрѕЮрѕ« рѕЁріГрѕЮріЊ рЅ░рЅІрѕЮ рІерѕхріљ ріарІЋрѕЮрѕ« ріарѕЏріФрѕф )**

­ЪЌЊ**ріЦрѕЂрІх рѕўрѕхріерѕерѕЮ 26 2017**

РЈ░**ріерѕЮрѕйрЅ▒ 12 рѕ░рІЊрЅх (рЅарібрЅхрІ«рїхрІФ)**

РџА№ИЈрІЇрІГрІГрЅ▒ріЋ рѕѕрѕўрЅђрѕІрЅђрѕЇ ріЦрІџрѕЁ рІГрїФріЉ 
­ЪЉЄ­ЪЉЄ­ЪЉЄ­ЪЉЄ­ЪЉЄ­ЪЉЄ­ЪЉЄ­ЪЉЄ
https://t.me/yetenaweg?livestream

РџА№ИЈрІерІЇрІГрІГрЅх рЅ╗ріЊрѕІрЅйріЋріЋ рѕѕрѕўрЅђрѕІрЅђрѕЇ ріЦрІџрѕЁ рІГрїФріЉ: https://t.me/+dl4juoncBxMyODVh",No image
yetenaweg,1169,2024-10-02 07:04:03,"РГљ№ИЈ**рЅ▓рЅб(рЅ▒рЅарѕГріЕрѕјрѕ▓рѕх) рѕЮріЋрІхріЋ ріљрІЇ?**

­ЪњФрѕ│ріЋрЅБ ріљрЅђрѕГрѕ│ (рЅ▓рЅб)рЅарЅБріГрЅ┤рѕфрІФ рІерѕџріерѕ░рЅх рЅ░рѕІрѕІрЇі рЅарѕйрЅ│ рѕ▓рѕєріЋ рЅЦрІЎрІЇріЋ рїірІю рѕ│ріЋрЅБріЋ рІФрїарЅЃрѕЇ::

РГљ№ИЈ**рІерЅ▓рЅб рѕЮрѕЇріГрЅХрЅй┬а рЅарїЦрЅѓрЅ▒ рІерѕџріерЅ░рѕЅрЅхріЋ рІФріФрЅхрЅ│рѕЅ:**
Рђб рѕерІўрѕЮ рѕІрѕѕ рїірІю рѕ│рѕЇ (ріаріЋрІ│ріЋрІх рїірІю рІ░рѕЮ рІерЅђрѕІрЅђрѕѕ ріаріГрЅ│)
Рђб рІерІ░рѕерЅх рѕЁрѕўрѕЮ
Рђб рІхріФрѕЮ
Рђб ріГрЅЦрІ░рЅх рѕўрЅђріљрѕх
Рђб рЅхріЕрѕ│рЅх
Рђб рІерѕЮрѕйрЅх рѕІрЅЦ ріЦріЊ
Рђб рІерѕЮрїЇрЅЦ рЇЇрѕІрїјрЅх рѕўрЅђріљрѕхрЇА

РГљ№ИЈ**рѕѕрЅарѕйрЅ│рІЇ рЅ░рїІрѕІрїГ рІерѕџрІФрІ░рѕГрїЅ рѕЂріћрЅ│рІјрЅй рѕЮріЋрІхріЊрЅИрІЇ?**

­Ъњі**рѕЁріГрѕЮріЊрІЇ рѕЮріЋ рІГрѕўрѕхрѕІрѕЇ?**

РГљ№ИЈ**рІерЅарѕйрЅ│рІЇ рѕўріерѕІріерІФ рѕўріЋрїѕрІХрЅй рѕЮріЋ рѕЮріЋ ріЊрЅИрІЇ?**

­ЪїЪ**ріЦріљрІџрѕЁріЋ ріЦріЊ рѕїрѕјрЅй рїЦрІФрЅёрІјрЅйріЋ рѕўрѕЇрѕх рѕѕрѕЏрїЇріўрЅх ­ЪЉЅ­ЪЈЙ**[ріЦрІџрѕЁ рІГрїФріЉрЇб](https://yetenaweg.com/%e1%8b%a8%e1%88%b3%e1%8a%95%e1%89%a3-%e1%8a%90%e1%89%80%e1%88%ad%e1%88%b3/)[
](https://t.me/yetenaweg)
­ЪїЪ**рІерЅ┤рѕїрїЇрѕФрѕЮ рЅ╗ріЊрѕІрЅйріЋріЋ рѕѕрѕўрЅђрѕІрЅђрѕЇ **­ЪЉЅ­ЪЈЙ[ ріЦрІџрѕЁ рІГрїФріЉрЇб](https://t.me/yetenaweg)",No image
yetenaweg,1164,2024-09-25 06:38:28,"­ЪњЦ **рїЅрѕГрѕЮрѕхріЊ**­ЪњЦ

­ЪњЦрїЅрѕГрѕЮрѕхріЊ рѕЏрѕѕрЅх рЅаріарѕхрѕФрІјрЅ╣┬а рІеріЦрІхрѕю ріГрѕЇрѕЇ рѕўрїђрѕўрѕфрІФ рІЇрѕхрїЦ рІерѕџрїѕріЎ рѕЇрїєрЅй рІерѕџрІФрѕ│рІЕрЅх ріаріФрѕІрІіріЊ рѕхріљ рѕЇрЅдріЊрІі рѕѕрІЇрїЦ ріљрІЇ рЇб 
­ЪњЦрІГрѕЁ рїірІю рѕЇрїєрЅй рІѕрІ░ рІѕрїБрЅхріљрЅх рѕѕрѕЏрІ░рїЇ рІерѕџріЋрІ░рѕерІ░рѕЕрЅарЅх рЅЦрІЎ рІерЅБрѕЁрѕф рѕѕрІЇрїдрЅйріЋ рІерѕџрІФрѕхрЅ░ріЊрїЇрІ▒рЅарЅх рІѕрЅЁрЅх ріљрІЇрЇб 

­ЪЉЅрЅарїЅрѕГрѕЮрѕхріЊ рїірІю рІе рѕџрЅ│рІЕ рѕѕрІЇрїдрЅй рѕЮріЋ рѕЮріЋ ріЊрЅИрІЇ? 
­ЪЉЅрІерѕЇрїєрЅйріЊ рІерІѕрѕІрїєрЅй рїЇріЋріЎріљрЅх рѕЮріЋ рІГрѕўрѕхрѕІрѕЇ ? 
­ЪЉЅ рІѕрѕІрїєрЅй рѕѕрІџрѕЁ рѕѕрІЇрїЦ рѕЮріЋ ріарІГріљрЅх рѕЮрѕІрѕй рѕўрѕхрїарЅх ріарѕѕрЅБрЅИрІЇ?

­ЪћИ рѕѕрЅарѕѕрїа рѕўрѕерїЃ: [ріЦрІџрѕЁ рІГрїФріЉ](https://yetenaweg.com/tag/%E1%8C%89%E1%88%AD%E1%88%9D%E1%88%B5%E1%8A%93/)",No image
yetenaweg,1161,2024-09-23 08:09:38,"рІЊрѕѕрѕЮ ріарЅђрЇЇ рІерѕЮрѕЇріГрЅх рЅІріЋрЅІ рЅђріЋ рѕўрѕхріерѕерѕЮ 13 рЅђріЋ рЅарѕўрѕІрІЇ рІЊрѕѕрѕЮ рЅ░ріерЅЦрѕ« рІГрІЇрѕІрѕЇрЇб

рЅарІџрѕЁ рЅђріЋ рѕўрѕхрѕЏрЅх рІерЅ░рѕ│ріЊрЅИрІЇ рІѕрїѕріќрЅйрІјріЋ рѕўрІ░рїѕрЇЇрЇБ рѕѕрѕ░рЅЦріарІі рѕўрЅЦрЅХрЅ╗рЅИрІЇ рѕўрѕЪрїѕрЅх ріЦріЊ рѕѕрѕЮрѕЇріГрЅх рЅІріЋрЅІ рІхрїІрЇЇрІјріЋ рѕЏрѕ│рІерЅх ріарІГрѕГрѕ▒рЇб

рІерїцріЊ рІѕрїЇ рІГрѕЁріЋріЋ рЅђріЋ ріЦріљрІџрѕЁріЋ рЅарѕЋріГрѕЮріЊ рѕІрІГ рІерѕџрІўрІѕрЅ░рѕЕ рІерѕЮрѕЇріГрЅх рЅІріЋрЅІрІјрЅй рЅарѕўрѕѕрѕЏрѕўрІх ріЦріЋрІ▓рІФріерЅЦрѕЕ рІГрїІрЅЦрІЮрІјрЅ│рѕЇрЇб",No image
yetenaweg,1158,2024-09-04 19:09:46,"#рї│рїЅрѕюріЋ_рѕѕрЅарїј 

­ЪЕИрІ░рѕЮ ріЦріЋрѕѕрїЇрѕх­ЪЕИрЇБ 
­ЪФђрѕЋрІГрІѕрЅхріЋ ріЦріЋрЅ│рІ░рїЇ!

­ЪЊЁрІерїцріЊ рІѕрїЇ ріарѕўрЅ│рІі рІерІ░рѕЮ рѕЇрїѕрѕ│ рЇЋрѕ«рїЇрѕФрѕЮ рї│рїЅрѕю 3 ріЦріЊ 4рЇБ ріерЅЦрѕћрѕФрІі рІерІ░рѕЮ рЅБріЋріГ ріарїѕрѕЇрїЇрѕјрЅх рїІрѕГ рЅарѕўрЅ░рЅБрЅарѕГ
­ЪЕИріЦрІФріЋрІ│ріЋрІ▒ рїарЅЦрЅ│ рІІрїІ ріарѕѕрІЇрЇБ рІеріЦрѕГрѕхрІј рѕЇрїѕрѕ│ рѕЁрІГрІѕрЅхріЋ рѕірІФрІхріЋ рІГрЅйрѕІрѕЇрЇб­ЪЕИ

­ЪЈФ ­ЪЊІРюЈ№ИЈ­ЪЊџРюњ№ИЈ рІ░рѕЮ рѕўрѕѕрїѕрѕх рЅБрІГрЅйрѕЅ рѕѕрѕхрѕѕріЦріЊрЅх рІерЅарїј ріарІхрѕФрїјрЅх рІхрѕГрїЁрЅх рѕЇрїєрЅй рІерЅхрѕЮрѕЁрѕГрЅх рЅЂрѕ│рЅЂрѕХрЅйріЋ  рЅарѕўрѕѕрїѕрѕх ріарѕхрЅ░рІІрЇЁрід рІФрІхрѕГрїЅрЇб­ЪЎї­ЪЈЙ 

­ЪЊЇріарІхрѕФрѕ╗: рЅЦрѕћрѕФрІі рІерІ░рѕЮ рЅБріЋріГ рІІріЊ рѕўрѕхрѕфрІФ рЅцрЅх рїцріЊ рїЦрЅарЅЃ рѕџріњрѕхрЅ┤рѕГ рїЇрЅб ріарїарїѕрЅЦ  ­ЪЌ║",No image
yetenaweg,1157,2024-08-26 17:29:14,"­ЪЊЇ**рЅ▓ріЋрІФ (рЅєрѕерЅєрѕГ рЇБ рїГрѕГрЅх рЇБ рїЦрЇЇрѕе рѕўрїЦрѕЮрїЦ )**

РќФ№ИЈрЅ▓ріЋрІФ рІерЇѕріЋрїѕрѕх┬а рібріЋрЇїріГрѕйріЋ┬а ріарІГріљрЅх рѕ▓рѕєріЋ рЅарІІріЊріљрЅх рЅєрІ│ріЋ рЇБ рЇђрїЅрѕГріЋ ріЦріЊ рїЦрЇЇрѕГріЋ рІФрїарЅЃрѕЇ::
**
­Ъћ╗рѕѕрЅарѕйрЅ│рІЇ рЅ░рїІрѕІрїГ рІерѕџрІФрІ░рѕГрїЅ рѕЂріћрЅ│рІјрЅй рѕЮріЋрІхріЊрЅИрІЇ**?

­ЪЉЅ­ЪЈй рІГрѕЁ рІерЅєрІ│ рЅарѕйрЅ│ рѕЏріЋріЏрІЇріЋрѕЮ рѕ░рІЇ рѕірІФрїарЅЃ рІГрЅйрѕІрѕЇ рЇб ріљрїѕрѕГ рїЇріЋ рЅарІГрЅарѕЇрїЦ рЅарѕйрЅ│ріЋ рІерѕўріерѕІріерѕЇ ріарЅЁрѕЮ рІерѕџрІФрІ░ріГрѕЎ рѕЁрѕўрѕърЅй рІФрѕѕрЅБрЅИрІЇ рѕ░рІјрЅйріЋ рЅарІГрЅарѕЇрїЦ рѕірїјрІ│ рІГрЅйрѕІрѕЇ рЇб
__ріерІџрѕЁ рЅарЅ░рїерѕЏрѕф __
­ЪЉЅ­ЪЈй рІЮрЅЁрЅ░ріЏ рІеріЉрѕ« рѕЁріћрЅ│ рЇБ __ріЦрІхрѕю рЇБ __
­ЪЉЅ­ЪЈй рІерЅ░рЇІрЇѕрїѕ ріЦріЊ рѕ░рІЇ рІерЅарІЏрЅарЅх рІеріЉрѕ« рѕЂріћрЅ│ рЇБ рІерїЇрѕЇ ріЋрѕЁрїйріЊріЋ рІФрѕѕрѕўрїарЅарЅЁ      
­ЪЉЅ­ЪЈй рІерѕ░рІЇріљрЅх рЅарѕйрЅ│ рІерѕўріерѕІріерѕЇ 
ріарЅЁрѕЮ рІерѕџрЅђріЋрѕ▒ рѕўрІхрѕЃріњрЅХрЅйріЋ рѕўрїарЅђрѕЮ

­Ъћ║**рІерЅ▓ріњрІФ рЇѕріЋрїѕрѕх ріарІГріљрЅХрЅй рЅарїЦрЅѓрЅ▒**

РќФ№ИЈ┬арЅ▓ріЋрІФ ріФрЇњрЅ░рѕх(рЅєрѕерЅєрѕГ):-рЅарЇђрїЅрѕГ рѕІрІГ рІерѕџріерѕ░рЅх
┬аРќФ№ИЈрЅ▓ріЋрІФ рі«рѕГрЇќрѕфрѕх(рїГрѕГрЅх):-рЅарѕ░рІЇріљрЅх рЅєрІ│ рѕІрІГ рІерѕџріерѕ░рЅх
РќФ№ИЈрЅ▓ріЋрІФ рЇћрІ▓рѕх :- рЅаріЦрїЇрѕГ рѕІрІГ рІерѕџріерѕ░рЅх
РќФ№ИЈрЅ▓ріЋрІФ рЇІрѕ╝ :- рІерЇірЅх рЅєрІ│ріЋ рІерѕџрІФрїарЅЃ┬а 
РќФ№ИЈрЅ▓ріЋрІФ ріаріЋрїЅрІерѕЮ РђЊ рїЦрЇЇрѕе рѕўрїЦрѕЮрїЦ 
РќФ№ИЈрЅ▓ріЋрІФ ріГрѕЕрѕфрѕх :-рІГрѕЁрѕЮ рЅарїГріЋ ріЦріЊ рЅарЅЦрѕЇрЅх ріаріФрЅБрЅб рІерѕџрїѕріЮ

­Ъћ╗**рІерЅ▓ріЋрІФ рѕЮрѕГрѕўрѕФ ріЦріЊ рѕЁріГрѕЮріЊ рѕЮріЋ рІГрѕўрѕхрѕІрѕЇ?

­Ъћ║рІерЅарѕйрЅ│рІЇ рѕўрЅ░рѕІрѕѕрЇірІФріЊ рѕўріерѕІріерІФ рѕўріЋрїѕрІХрЅй рѕЮріЋрІхріЊрЅИрІЇ?**

РЎд№ИЈ**ріЦріљрІџрѕЁріЋ ріЦріЊ рѕїрѕјрЅй рїЦрІФрЅёрІјрЅйріЋ рѕўрѕЇрѕх рѕѕрѕЏрїЇріўрЅх ­ЪЉЅ­ЪЈЙ**[ріЦрІџрѕЁ рІГрїФріЉрЇб](https://yetenaweg.com/%e1%89%b2%e1%8a%95%e1%8b%ab-tinea/)[
](https://t.me/yetenaweg)
РЎд№ИЈ**рІерЅ┤рѕїрїЇрѕФрѕЮ рЅ╗ріЊрѕІрЅйріЋріЋ рѕѕрѕўрЅђрѕІрЅђрѕЇ **­ЪЉЅ­ЪЈЙ[ ріЦрІџрѕЁ рІГрїФріЉрЇб](https://t.me/yetenaweg)",No image
yetenaweg,1151,2024-08-21 10:20:09,"­ЪњЦ рЅЁрІхрѕў ріЦрѕГрїЇрІЮріЊ ріГрЅхрЅхрѕЇ рѕЏрѕѕрЅх ріаріЋрІ▓рЅх рѕ┤рЅх ріерѕЏрѕГрїѕрІЪ рЅарЇірЅх рѕхрѕѕ ріарїарЅЃрѕІрІГ рІеріЦрѕГрїЇрІЮріЊрІЇ рѕњрІ░рЅхріЊ рѕіріерѕ░рЅ▒ рѕхрѕѕрѕџрЅйрѕЅ рѕЂріЊрЅ┤рІјрЅй рЅарїЦрѕЇрЅђрЅх рІерѕЮрЅхрѕерІ│рЅарЅх рїірІю ріљрІЇрЇб

­ЪЉЅрІГрѕЁ рѕѓрІ░рЅх рѕѕрѕФрѕхріЊ рѕѕрѕџрІѕрѕѕрІ░рІЇ рѕЇрїЁ рїцріЋріљрЅх рІѕрѕ│ріЮ ріљрІЇрЇб

­ЪЉЅ рІерЅЁрІхрѕў ріЦрѕГрїЇрІЮріЊ ріГрЅхрЅхрѕЇ рѕЮріЋ рѕЮріЋ рІФріФрЅхрЅ│рѕЇ?┬а 

­ЪЉЅрЅЁрІхрѕў ріЦрѕГрїЇрІЮріЊ ріГрЅхрЅхрѕЇ ріарѕІрѕЏрІЇріЊ рїЦрЅЁрѕЎ рѕЮріЋрІхріљрІЇ?

­ЪћИрѕхрѕѕ рЅЁрІхрѕў ріЦрѕГрїЇрІЮріЊ ріГрЅхрЅхрѕЇ рІЮрѕГрІЮрѕГ рѕўрѕерїЃрІјрЅй рѕѕрѕЏрїЇріўрЅх ріЦрІџрѕЁ [рІГрїФріЉ](https://yetenaweg.com/%E1%89%85%E1%8B%B5%E1%88%98-%E1%8A%A5%E1%88%AD%E1%8C%8D%E1%8B%9D%E1%8A%93-%E1%8A%A5%E1%8A%95%E1%8A%AD%E1%89%A5%E1%8A%AB%E1%89%A4/) 

­ЪћИ рѕѕрЅарѕѕрїа рѕўрѕерїЃ 
https://yetenaweg.com/",No image
yetenaweg,1148,2024-08-19 16:24:22,"рІерІЮріЋрїђрѕ« рЇѕріЋрїБрїБ ріЦріЋрІ┤рЅх ріеріаріЋрІх рѕ░рІЇ рІѕрІ░ рѕїрѕІ рІГрЅ░рѕІрѕѕрЇІрѕЇ ? 
рІГрѕЁріЋ рѕЏрІѕрЅЁ рѕФрѕхріЋ ріерЅарѕйрЅ│ рѕѕрѕўріерѕІріерѕЇ рІГрѕерІ│рѕЇ",No image
yetenaweg,1135,2024-08-19 15:57:00,"­ЪїЇРџа№ИЈрІерІЮріЋрїђрѕ« рЇѕріЋрїБрїБ рЅарѕйрЅ│ ріарѕЂріЋ ріарѕ│рѕ│рЅб рІеріарѕѕрѕЮ рІерїцріЊ рїЅрІ│рІГ ріљрІЇ! рЅарЇЇрїЦріљрЅх ріЦрІерЅ░рѕхрЇІрЇІ ріљрІЇ ріЦріЊ рЅхріЕрѕерЅ│рЅйріЋріЋ рІГрЇѕрѕЇрїІрѕЇрЇб Рџа№ИЈ­ЪїЇ

­ЪЊџрІГрѕЁріЋріЋ рЅарѕйрЅ│ рѕѕрѕўрѕерІ│рЅх ріЦріЋрІ▓рѕерІ│рІј рІерЅ░рІўрїІрїђрІЇріЋ ріарїГрѕГ рѕўрѕерїЃ рІФріЋрЅЦрЅАрЇб

­ЪћЇ рІерІЮріЋрїђрѕ« рЇѕріЋрїБрїБ рѕЮріЋрІхріЋ ріљрІЇ?
­ЪћёріЦріЋрІ┤рЅх ріљрІЇ рІерѕџрЅ░рѕІрѕѕрЇѕрІЇ
Рџа№ИЈрѕЮрѕЇріГрЅХрЅ╣ рѕЮріЋрІхріЋ ріЊрЅИрІЇ?
­ЪЕ║рЅарѕйрЅ│рІЇ ріЦріЋрІ┤рЅх рІГрЅ│рІѕрЅЃрѕЇ? ріЦріЋрІ┤рЅхрѕх рІГрЅ│ріерѕЏрѕЇ?
­ЪЏА ріЦріЋрІ┤рЅх рѕўріерѕІріерѕЇ рІГрЅ╗рѕІрѕЇ?

­ЪДарѕхрѕѕ  рЅарѕйрЅ│рІЇ рЅарЅѓ ріЦрІЇрЅђрЅх рІГріЉрѕ«рЅхрЇБ ріЦрѕФрѕхрІјріЋ ріЦріЊ рѕїрѕјрЅйріЋ рІГрїарЅЦрЅЂ!

РюЇ№ИЈ рІГрѕЁ рЇЁрѕЂрЇЇ рІерЅ░рЇЃрЇѕрІЇ рІе2022 рІерїцріЊ рІѕрїЇ рІерЇЁрѕЂрЇЇ рІЇрІхрІхрѕГ рѕІрІГ рЅ░рѕ│рЅ│рЇі рЅаріљрЅарѕерЅйрІЇ рІ«рІ▓рЅх рЅарѕІрІГрѕЂріЋ ріљрІЇрЇб",No image
EAHCI,2399,2024-10-11 15:32:14,"­ЪњЦ ріЦрѕЂрІх рІГрїђрѕЮрѕФрѕЇ ріЦріЋрІ│рІФрѕўрѕЇрїЦрІј ­ЪњЦ
#Obstetric_Ultrasound_Training#Addis_Ababa

­ЪЉЅрїЦрЅЁрѕЮрЅх 3/2017рїђрѕЮрѕ« рѕѕ 1 рѕ│рѕЮріЋрЅх рІГрѕ░рїБрѕЇ рЇб(ріеріГрѕЁрѕјрЅ▒ рЅБрѕ╗рїѕрѕГ рІе15CEU CPD Certificate┬а ріЦріЋрѕ░рїБрѕѕріЋрЇб)
---------------------------------------------
РЈЕрѕ░рѕЇрїБріърЅй-Medical Doctors , Medical Rad.Technologists , HO, Bsc ,& Msc Midwifery.
РЈЕріарѕ░рѕЇрїБріърЅй-Rad & OBGYN specialists .
­ЪџЕрІерѕхрѕЇрїаріЊ рЅдрЅ│-рЅарЅ░рѕўрѕерїА рѕєрѕхрЇњрЅ│рѕјрЅй
РюћріарІўрїІрїЁ-Ethio-American CPD center in collaboration with selected hospitals .
Call & Register 
┬а┬а­ЪЊ▓Dr shalom 0965412222
┬а ┬а­ЪЊ│ Selam      0968670067
┬а ┬а­ЪЊ│ Ekram      0965410000
┬а┬а ­ЪЊ│┬аTinbit ┬а┬а┬а┬а┬а 0942404444
┬а┬а┬а­ЪЊ│ Office┬а┬а┬а┬а┬а┬а┬а┬а0941404444
┬а┬а ­ЪЊ│ Office┬а┬а┬а┬а┬а┬а┬а 0462124400
­ЪЈЃFor more info .follow us on telegram :-
t.me/eahci",No image
EAHCI,2396,2024-10-10 13:40:09,"­ЪњЦрІЏрѕг рІГрїђрѕЮрѕФрѕЇ
#рІерѕърІФ рЇѕрЅЃрІх рЅарЅЁрѕГрЅА рѕѕрѕЮрЅ│рѕ│рІхрѕ▒┬а┬а­ЪњЦ┬а┬а┬а┬а┬а┬а┬а┬а┬а┬а┬а┬а 

#CPD_(+Online )

#рїЦрЅЁрѕЮрЅх 1/ 2017 рІГрїђрѕЮрѕФрѕЇРЮЌ№ИЈ

# Infection Prevention(15 CEU)

рѕѕрѕЂрѕЅрѕЮ рІерїцріЊ рЅБрѕѕрѕърІФрІјрЅй рЅарѕЂрѕЅрѕЮ ріГрѕЇрѕјрЅйріЊ ріерЅ░рѕърЅй рѕІрѕІрЅйрЅйрѕЂРЮЌ
--------------------------------------------

Рўј№ИЈ0965412222
Рўј№ИЈ0968670067
Рўј№ИЈ0942404444
Рўј№ИЈ0965410000
­ЪЊ▒0941404444
Рўј№ИЈ0462124400┬а 
┬а┬а┬а Ethio-American CPD center & Health Consultancy.
­ЪЈЃWe Are Committed To Excellence In Medical TrainingsРЮЌ№ИЈ
-join our telegram channel 
T.me/eahci",No image
EAHCI,2395,2024-10-09 10:46:24,"­ЪњЦ
#рІерѕърІФ рЇѕрЅЃрІх рЅарЅЁрѕГрЅА рѕѕрѕЮрЅ│рѕ│рІхрѕ▒┬а┬а­ЪњЦ┬а┬а┬а┬а┬а┬а┬а┬а┬а┬а┬а┬а 

#CPD_(+Online )

#рѕўрѕхріерѕерѕЮ 30/ 2017 рІГрїђрѕЮрѕФрѕЇРЮЌ№ИЈ

# Infection Prevention(15 CEU)

рѕѕрѕЂрѕЅрѕЮ рІерїцріЊ рЅБрѕѕрѕърІФрІјрЅй рЅарѕЂрѕЅрѕЮ ріГрѕЇрѕјрЅйріЊ ріерЅ░рѕърЅй рѕІрѕІрЅйрЅйрѕЂРЮЌ
--------------------------------------------

Рўј№ИЈ0965412222
Рўј№ИЈ0968670067
Рўј№ИЈ0942404444
Рўј№ИЈ0965410000
­ЪЊ▒0941404444
Рўј№ИЈ0462124400┬а 
┬а┬а┬а Ethio-American CPD center & Health Consultancy.
­ЪЈЃWe Are Committed To Excellence In Medical TrainingsРЮЌ№ИЈ
-join our telegram channel 
T.me/eahci",No image
EAHCI,2393,2024-10-07 08:38:38,"#Basic_Abdominal_Ultrasound_Training @#Hawassa 
­ЪЉЅрїЦрЅЁрѕЮрЅх 2/ 2017 рїђрѕЮрѕ«┬а рІГрѕ░рїБрѕЇрЇб 
---------------------------------------------

РюћріарІўрїІрїЁ-Ethio-American CPD center in collaboration with selected hospitals .
Call & Register ┬а
┬а┬а ­ЪЊ│┬а0965412222 Dr shalom
┬а┬а ­ЪЊ│0965410000
┬а┬а ­ЪЊ│0942404444
┬а┬а┬а­ЪЊ│0941404444
­ЪЈЃFor more info .follow us on telegram :-
t.me/eahci",No image
EAHCI,2392,2024-10-07 08:35:47,"­ЪњЦ ріЦрѕЂрІх рІГрїђрѕЮрѕФрѕЇ ріЦріЋрІ│рІФрѕўрѕЇрїЦрІј ­ЪњЦ
#Obstetric_Ultrasound_Training#Addis_Ababa

­ЪЉЅрїЦрЅЁрѕЮрЅх 3/2017рїђрѕЮрѕ« рѕѕ 1 рѕ│рѕЮріЋрЅх рІГрѕ░рїБрѕЇ рЇб(ріеріГрѕЁрѕјрЅ▒ рЅБрѕ╗рїѕрѕГ рІе15CEU CPD Certificate┬а ріЦріЋрѕ░рїБрѕѕріЋрЇб)
---------------------------------------------
РЈЕрѕ░рѕЇрїБріърЅй-Medical Doctors , Medical Rad.Technologists , HO, Bsc ,& Msc Midwifery.
РЈЕріарѕ░рѕЇрїБріърЅй-Rad & OBGYN specialists .
­ЪџЕрІерѕхрѕЇрїаріЊ рЅдрЅ│-рЅарЅ░рѕўрѕерїА рѕєрѕхрЇњрЅ│рѕјрЅй
РюћріарІўрїІрїЁ-Ethio-American CPD center in collaboration with selected hospitals .
Call & Register 
┬а┬а­ЪЊ▓Dr shalom 0965412222
┬а ┬а­ЪЊ│ Selam      0968670067
┬а ┬а­ЪЊ│ Ekram      0965410000
┬а┬а ­ЪЊ│┬аTinbit ┬а┬а┬а┬а┬а 0942404444
┬а┬а┬а­ЪЊ│ Office┬а┬а┬а┬а┬а┬а┬а┬а0941404444
┬а┬а ­ЪЊ│ Office┬а┬а┬а┬а┬а┬а┬а 0462124400
­ЪЈЃFor more info .follow us on telegram :-
t.me/eahci",No image
EAHCI,2391,2024-10-06 12:48:06,"#Dental_Extraction & Care #Training #ріљрїѕ_рІГрїђрѕЮрѕФрѕЇ
┬а┬а┬а┬а┬а┬а┬а┬а┬а┬а┬а┬а┬а┬а┬а┬а┬а┬а┬а┬а @ Hawassa 
­ЪЉЅрѕўрѕхріерѕерѕЮ 27/ 2017рїђрѕЮрѕ«┬а рІГрѕ░рїБрѕЇрЇб 
---------------------------------------------

РюћріарІўрїІрїЁ-Ethio-American CPD center in collaboration with selected hospitals .

Call & Register ┬а

┬а┬а Рўј№ИЈ┬а0965412222
┬а┬а Рўј№ИЈ0968670067
┬а┬а Рўј№ИЈ0965410000
┬а┬а┬аРўј№ИЈ0942404444

­ЪЈЃFor more info .follow us on telegram :-
t.me/eahci",No image
EAHCI,2390,2024-10-06 08:00:58,"­ЪњЦ
#рІерѕърІФ рЇѕрЅЃрІх рЅарЅЁрѕГрЅА рѕѕрѕЮрЅ│рѕ│рІхрѕ▒┬а┬а­ЪњЦ┬а┬а┬а┬а┬а┬а┬а┬а┬а┬а┬а┬а 
#CPD_(+Online )
#рѕўрѕхріерѕерѕЮ 29/ 2017 рІГрїђрѕЮрѕФрѕЇРЮЌ№ИЈ

# Infection Prevention(15 CEU)

рѕѕрѕЂрѕЅрѕЮ рІерїцріЊ рЅБрѕѕрѕърІФрІјрЅй рЅарѕЂрѕЅрѕЮ ріГрѕЇрѕјрЅйріЊ ріерЅ░рѕърЅй рѕІрѕІрЅйрЅйрѕЂРЮЌ
--------------------------------------------
Рўј№ИЈ0942404444 
Рўј№ИЈ0965410000
Рўј№ИЈ0965412222
Рўј№ИЈ0462124400┬а 
┬а┬а┬а Ethio-American CPD center & Health Consultancy.
­ЪЈЃWe Are Committed To Excellence In Medical TrainingsРЮЌ№ИЈ
-join our telegram channel 
T.me/eahci",No image
EAHCI,2389,2024-10-05 11:41:20,"Baga Ayyaana Irreechaa nagaan geessan!
рѕўрѕЇріФрѕЮ рІерібрѕгрЅ╗ рЅарІЊрѕЇ! 
Ayyaana Gaarii!",No image
EAHCI,2388,2024-10-05 09:52:07,"Notice­ЪњЦ

 We would like to inform you that  Obstetric Ultrasound Training to be given at Addis Ababa has been postponed for the next week ( October 13 /2024) due to the Irrecha Holiday.",No image
EAHCI,2387,2024-10-04 13:29:53,"#Dental_Extraction_&_Care_Training­ЪњЦ
┬а┬а┬а┬а┬а┬а┬а┬а┬а┬а┬а┬а┬а┬а┬а┬а┬а┬а┬а┬а @ Hawassa 
­ЪЉЅрѕўрѕхріерѕерѕЮ 27/ 2017рїђрѕЮрѕ«┬а рІГрѕ░рїБрѕЇрЇб 
---------------------------------------------

РюћріарІўрїІрїЁ-Ethio-American CPD center in collaboration with selected hospitals .

Call & Register ┬а

┬а┬а Рўј№ИЈ┬а0965412222  Dr Shalom
┬а┬а Рўј№ИЈ0968670067
┬а┬а Рўј№ИЈ0965410000   Ekram
┬а┬а┬аРўј№ИЈ0942404444

­ЪЈЃFor more info .follow us on telegram :-
t.me/eahci",No image
